identifier,title,status,license_type,license_url,reason
"HisNewJobCharlesChaplin-1915","CUKESIM's New Job! ( Charles Chaplin-1915)","SKIPPED","PD","http://creativecommons.org/publicdomain/mark/1.0/","No playable .mp4 or .ogv video file found in archive files"
"sex_madness","Sex Madness","KEPT","PD","http://creativecommons.org/licenses/publicdomain/","Verified PD license with playable stream (sex_madness.mp4)"
"charlie_chaplin_film_fest","Charlie Chaplin Festival","KEPT","PD","http://creativecommons.org/licenses/publicdomain/","Verified PD license with playable stream (charlie_chaplin_film_fest.mp4)"
"his_girl_friday","His Girl Friday","KEPT","PD","http://creativecommons.org/licenses/publicdomain/","Verified PD license with playable stream (his_girl_friday.mp4)"
"VoyagetothePlanetofPrehistoricWomen","Voyage to the Planet of Prehistoric Women","KEPT","PD","http://creativecommons.org/licenses/publicdomain/","Verified PD license with playable stream (VoyagetothePlanetofPrehistoricWomen.mp4)"
"house_on_haunted_hill_ipod","House on Haunted Hill","KEPT","PD","http://creativecommons.org/licenses/publicdomain/","Verified PD license with playable stream (house_on_haunted_hill.mp4)"
"JungleBook","Jungle Book","KEPT","PD","http://creativecommons.org/licenses/publicdomain/","Verified PD license with playable stream (Jungle_Book.mp4)"
"reefer_madness1938","Reefer Madness","KEPT","PD","http://creativecommons.org/licenses/publicdomain/","Verified PD license with playable stream (reefer_madness1938.mp4)"
"Sita_Sings_the_Blues","Sita Sings the Blues","KEPT","CC0","http://creativecommons.org/publicdomain/zero/1.0/","Verified CC0 license with playable stream (SITA_SINGS_MOVIE_ONLY.mp4)"
"The_Pied_Piper_of_Hamelin","The Pied Piper of Hamelin","KEPT","PD","http://creativecommons.org/licenses/publicdomain/","Verified PD license with playable stream (pied.mp4)"
"nazi_concentration_camps","Nazi Concentration Camps","KEPT","PD","http://creativecommons.org/licenses/publicdomain/","Verified PD license with playable stream (nazi_concentration_camps.mp4)"
"BloodyPitOfHorror","Bloody Pit of Horror","KEPT","PD","http://creativecommons.org/licenses/publicdomain/","Verified PD license with playable stream (BloodyPitOfHorror.mp4)"
"abraham_lincoln","Abraham Lincoln","KEPT","PD","http://creativecommons.org/licenses/publicdomain/","Verified PD license with playable stream (abraham_lincoln.mp4)"
"dressed_to_kill","Dressed To Kill","KEPT","PD","http://creativecommons.org/licenses/publicdomain/","Verified PD license with playable stream (dressed_to_kill.mp4)"
"DiaryofaNudist","Diary of a Nudist","KEPT","PD","http://creativecommons.org/publicdomain/mark/1.0/","Verified PD license with playable stream (DiaryofaNudist.mp4)"
"3stooges","Three Stooges Episodes","KEPT","PD","http://creativecommons.org/licenses/publicdomain/","Verified PD license with playable stream (3stooges_NewApants2.mp4)"
"suddenly","Suddenly","KEPT","PD","http://creativecommons.org/licenses/publicdomain/","Verified PD license with playable stream (suddenly.mp4)"
"TheNakedWitch","The Naked Witch","KEPT","PD","http://creativecommons.org/publicdomain/mark/1.0/","Verified PD license with playable stream (TheNakedWitch1964FullMovieFilmHorror.mp4)"
"TheStranger_0","The Stranger","KEPT","PD","http://creativecommons.org/licenses/publicdomain/","Verified PD license with playable stream (The_Stranger.mp4)"
"tarzans_revenge","Tarzan's Revenge","KEPT","PD","http://creativecommons.org/licenses/publicdomain/","Verified PD license with playable stream (tarzans_revenge.mp4)"
"mclintok_widescreen","McLintock!","KEPT","PD","http://creativecommons.org/licenses/publicdomain/","Verified PD license with playable stream (McLintock.mp4)"
"my_favorite_brunette","My Favorite Brunette","KEPT","PD","http://creativecommons.org/licenses/publicdomain/","Verified PD license with playable stream (my_favorite_brunette.mp4)"
"gullivers_travels1939","Gulliver's Travels","KEPT","PD","http://creativecommons.org/licenses/publicdomain/","Verified PD license with playable stream (gullivers_travels1939.mp4)"
"ThePhantomoftheOpera","The Phantom of the Opera","KEPT","PD","http://creativecommons.org/licenses/publicdomain/","Verified PD license with playable stream (Phantom_of_the_Opera.ogv)"
"20000LeaguesUndertheSea","20,000 Leagues Under the Sea","KEPT","PD","http://creativecommons.org/licenses/publicdomain/","Verified PD license with playable stream (20000_Leagues_Under_the_Sea.ogv)"
"InvasionOfTheBeeGirls","Invasion of the Bee girls","KEPT","PD","http://creativecommons.org/licenses/publicdomain/","Verified PD license with playable stream (InvasionOfTheBeeGirls.mp4)"
"lost_world","The Lost World","KEPT","PD","http://creativecommons.org/licenses/publicdomain/","Verified PD license with playable stream (lost_world.mp4)"
"Grave_of_the_Vampire_movie","Grave of the Vampire","KEPT","PD","http://creativecommons.org/licenses/publicdomain/","Verified PD license with playable stream (Grave-of-the-Vampire.mp4)"
"Killers_from_space","Killers From Space","KEPT","PD","http://creativecommons.org/licenses/publicdomain/","Verified PD license with playable stream (Killers_from_space.mp4)"
"new_adventures_of_tarzan","New Adventures of Tarzan","KEPT","PD","http://creativecommons.org/licenses/publicdomain/","Verified PD license with playable stream (new_adventures_of_tarzan.mp4)"
"DasKabinettdesDoktorCaligariTheCabinetofDrCaligari","Das Kabinett des Doktor Caligari ( The Cabinet of Dr. Caligari )","KEPT","PD","http://creativecommons.org/licenses/publicdomain/","Verified PD license with playable stream (The_Cabinet_of_Dr._Caligari.ogv)"
"sex_madness_ACM","Sex Madness","KEPT","PD","http://creativecommons.org/licenses/publicdomain/","Verified PD license with playable stream (sex_madness.mp4)"
"AsYouLikeIt1936","As You Like It","KEPT","PD","http://creativecommons.org/publicdomain/mark/1.0/","Verified PD license with playable stream (AsYouLikeIt.mp4)"
"royal_wedding","Royal Wedding","KEPT","PD","http://creativecommons.org/licenses/publicdomain/","Verified PD license with playable stream (royal_wedding.mp4)"
"ScarletStreet","Scarlet Street","KEPT","PD","http://creativecommons.org/licenses/publicdomain/","Verified PD license with playable stream (Scarlet_Street.mp4)"
"meet_john_doe","Meet John Doe","KEPT","PD","http://creativecommons.org/licenses/publicdomain/","Verified PD license with playable stream (meet_john_doe.mp4)"
"TheFlyingDeuces","The Flying Deuces","KEPT","PD","http://creativecommons.org/licenses/publicdomain/","Verified PD license with playable stream (The_Flying_Deuces.mp4)"
"CC_1916_10_02_ThePawnshop","Charlie Chaplin's "" The Pawnshop""","KEPT","PD","http://creativecommons.org/licenses/publicdomain/","Verified PD license with playable stream (CC_1916_10_02_ThePawnshop.ogv)"
"little_princess","Little Princess, The","KEPT","PD","http://creativecommons.org/licenses/publicdomain/","Verified PD license with playable stream (little_princess.mp4)"
"publicmovies212","Public Domain Movies","KEPT","PD","http://creativecommons.org/publicdomain/mark/1.0/","Verified PD license with playable stream (A_Boy_and_His_Dog.mp4)"
"impact","Impact","KEPT","PD","http://creativecommons.org/licenses/publicdomain/","Verified PD license with playable stream (impact.mp4)"
"Cyrano_DeBergerac","Cyrano De Bergerac","KEPT","PD","http://creativecommons.org/licenses/publicdomain/","Verified PD license with playable stream (Cyrano_De_Bergerac.mp4)"
"Cosmos_War_of_the_Planets","Cosmos: War of the Planets","KEPT","PD","http://creativecommons.org/licenses/publicdomain/","Verified PD license with playable stream (Cosmos_War_of_the_Planets.mp4)"
"Horror_Express","Horror Express","KEPT","PD","http://creativecommons.org/licenses/publicdomain/","Verified PD license with playable stream (Horror_Express.mp4)"
"tarzan_and_the_green_goddess","Tarzan and the Green Goddess","KEPT","PD","http://creativecommons.org/licenses/publicdomain/","Verified PD license with playable stream (tarzan_and_the_green_goddess.mp4)"
"CarnivalofSouls","Carnival of Souls","KEPT","PD","http://creativecommons.org/licenses/publicdomain/","Verified PD license with playable stream (CarnivalOfSouls.mp4)"
"cco_thegunandthepulpit","The Gun and the Pulpit","KEPT","PD","http://creativecommons.org/licenses/publicdomain/","Verified PD license with playable stream (ccoPublicDomainThe_Gun_and_the_Pulpit.mp4)"
"DoubleFeatureHell2theGrindhouseExperience","DOUBLE FEATURE HELL 2 (the grindhouse experience).","KEPT","PD","http://creativecommons.org/publicdomain/mark/1.0/","Verified PD license with playable stream (DoubleFeatureHell2theGrindhouseExperience.mp4)"
"Quicksand_clear","Quicksand","KEPT","PD","http://creativecommons.org/publicdomain/mark/1.0/","Verified PD license with playable stream (Quicksand.mp4)"
"shame_","Shame","KEPT","PD","http://creativecommons.org/licenses/publicdomain/","Verified PD license with playable stream (Shame.mp4)"
"Teaserama","Teaserama","KEPT","PD","http://creativecommons.org/licenses/publicdomain/","Verified PD license with playable stream (Teaserama.mp4)"